<?xml version="1.0" encoding="UTF-8"?>
<!DOCTYPE log4j:configuration PUBLIC "-//APACHE//DTD LOG4J 1.2//EN" "log4j.dtd">
<log4j:configuration>

    <!-- Appenders -->
    <appender name="console" class="org.apache.log4j.ConsoleAppender">
        <param name="Target" value="System.out"/>
        <layout class="org.apache.log4j.PatternLayout">
            <param name="ConversionPattern" value="[%d] %-5p: %c - %m%n"/>
        </layout>
    </appender>

    <appender name="beowulf" class="org.apache.log4j.DailyRollingFileAppender">
        <param name="file" value="${catalina.home}/logs/hook/beowulf.log"/>
        <param name="datePattern" value="'.'dd-MM-yyyy"/>
        <layout class="org.apache.log4j.PatternLayout">
            <param name="ConversionPattern" value="%t %-5p %c{2} - %m%n"/>
        </layout>
    </appender>

    <appender name="crawler" class="org.apache.log4j.DailyRollingFileAppender">
        <param name="file" value="${catalina.home}/logs/hook/crawler.log"/>
        <param name="datePattern" value="'.'dd-MM-yyyy"/>
        <layout class="org.apache.log4j.PatternLayout">
            <param name="ConversionPattern" value="%t %-5p %c{2} - %m%n"/>
        </layout>
    </appender>

    <appender name="irrcrawler" class="org.apache.log4j.DailyRollingFileAppender">
        <param name="file" value="${catalina.home}/logs/hook/irrcrawler.log"/>
        <param name="datePattern" value="'.'dd-MM-yyyy"/>
        <layout class="org.apache.log4j.PatternLayout">
            <param name="ConversionPattern" value="%t %-5p %c{2} - %m%n"/>
        </layout>
    </appender>

    <appender name="hook_callback" class="org.apache.log4j.DailyRollingFileAppender">
        <param name="file" value="${catalina.home}/logs/hook/hook_callback.log"/>
        <param name="datePattern" value="'.'dd-MM-yyyy"/>
        <layout class="org.apache.log4j.PatternLayout">
            <param name="ConversionPattern" value="%t %-5p %c{2} - %m%n"/>
        </layout>
    </appender>

    <!-- Appenders -->
    <appender name="utils" class="org.apache.log4j.ConsoleAppender">
        <param name="Target" value="System.out"/>
        <layout class="org.apache.log4j.PatternLayout">
            <param name="ConversionPattern" value="[%d] %-5p: %c{1} - %m%n"/>
        </layout>
    </appender>

    <logger name="com.beowulf.utilities" additivity="false">
        <level value="info"/>
        <appender-ref ref="utils"/>
    </logger>

    <logger name="com.beowulf.explorer.crawler" additivity="false">
        <level value="info"/>
        <appender-ref ref="crawler"/>
    </logger>

    <logger name="com.beowulf.explorer.crawler.CrawlIrreversibleBlock" additivity="false">
        <level value="info"/>
        <appender-ref ref="irrcrawler"/>
    </logger>

    <logger name="com.beowulf.explorer.services" additivity="false">
        <level value="warn"/>
        <appender-ref ref="console"/>
    </logger>

    <!-- 3rdparty Loggers -->
    <logger name="org.springframework.core">
        <level value="info"/>
    </logger>

    <logger name="org.springframework.beans">
        <level value="info"/>
    </logger>

    <logger name="org.springframework.context">
        <level value="info"/>
    </logger>

    <logger name="org.springframework.web">
        <level value="info"/>
    </logger>

    <!-- Root Logger -->
    <root>
        <priority value="error"/>
        <appender-ref ref="console"/>
    </root>

</log4j:configuration>
