<?xml version="1.0" encoding="UTF-8"?>
<beans:beans xmlns:mvc="http://www.springframework.org/schema/mvc"
             xmlns:xsi="http://www.w3.org/2001/XMLSchema-instance"
             xmlns:beans="http://www.springframework.org/schema/beans"
             xmlns:context="http://www.springframework.org/schema/context"
             xmlns:mongo="http://www.springframework.org/schema/data/mongo"
             xsi:schemaLocation="http://www.springframework.org/schema/mvc
		http://www.springframework.org/schema/mvc/spring-mvc.xsd
		http://www.springframework.org/schema/beans
		http://www.springframework.org/schema/beans/spring-beans.xsd
		http://www.springframework.org/schema/context
		http://www.springframework.org/schema/context/spring-context.xsd
		http://www.springframework.org/schema/data/mongo
		http://www.springframework.org/schema/data/mongo/spring-mongo-1.0.xsd">

    <!-- DispatcherServlet Context: defines this servlet's request-processing
        infrastructure -->

    <!-- Resolves views selected for rendering by @Controllers to .jsp resources
        in the /WEB-INF/views directory -->
    <beans:bean
            class="org.springframework.web.servlet.view.InternalResourceViewResolver">
        <beans:property name="prefix" value="/WEB-INF/views/"/>
        <beans:property name="suffix" value=".jsp"/>
    </beans:bean>

    <!-- Enables the Spring MVC @Controller programming model -->
    <mvc:annotation-driven conversion-service="conversionService"/>
    <mvc:default-servlet-handler/>
    <context:property-placeholder/>

    <context:component-scan base-package="com.beowulf.hook"/>
    <context:component-scan base-package="com.beowulf.config"/>
    <context:component-scan base-package="com.beowulf.handler"/>
    <mongo:repositories base-package="com.beowulf.hook"/>
    <mongo:repositories base-package="com.beowulf.config"/>

    <beans:bean class="org.springframework.dao.annotation.PersistenceExceptionTranslationPostProcessor"/>

    <beans:bean class="org.springframework.validation.beanvalidation.MethodValidationPostProcessor"/>

    <beans:bean id="conversionService"
                class="org.springframework.context.support.ConversionServiceFactoryBean">
<!--        <beans:property name="converters">-->
<!--            <beans:set>-->
<!--                <beans:bean class="com.beowulf.converter.StringToApiKeyConverter"/>-->
<!--            </beans:set>-->
<!--        </beans:property>-->
    </beans:bean>

</beans:beans>
