<beans:beans xmlns="http://www.springframework.org/schema/security"
             xmlns:beans="http://www.springframework.org/schema/beans"
             xmlns:xsi="http://www.w3.org/2001/XMLSchema-instance"
             xsi:schemaLocation="http://www.springframework.org/schema/beans
	http://www.springframework.org/schema/beans/spring-beans-3.0.xsd
	http://www.springframework.org/schema/security
	http://www.springframework.org/schema/security/spring-security-3.2.xsd">

    <http pattern="/resources/**" security="none" />
    <http pattern="/drag/**" security="none" />
    <http pattern="/access-denied/**" security="none" />

    <!--<http auto-config="true">-->
        <!--<intercept-url pattern="/admin**" access="ROLE_USER"/>-->
        <!--<form-login login-page="/login" default-target-url="/welcome"-->
                    <!--authentication-failure-url="/login?error" username-parameter="username"-->
                    <!--password-parameter="password"/>-->
        <!--<logout logout-success-url="/login?logout"/>-->
        <!--&lt;!&ndash; enable csrf protection ->-->
        <!--<csrf /&ndash;&gt;-->
    <!--</http>-->
    <!--<authentication-manager>-->
        <!--<authentication-provider>-->
            <!--<user-service>-->
                <!--<user name="trongcau" password="123456" authorities="ROLE_USER"/>-->
            <!--</user-service>-->
        <!--</authentication-provider>-->
    <!--</authentication-manager>-->


    <!--<http entry-point-ref="basicAuthEntryPoint"-->
          <!--auto-config="false" use-expressions="true">-->
        <!--<intercept-url pattern="/api-hihi/**" access="hasRole('ROLE_API_KEY')" />-->
        <!--<http-basic />-->
        <!--<custom-filter ref="basicAuthenticationFilter" after="BASIC_AUTH_FILTER" />-->
    <!--</http>-->

    <!--<beans:bean id="basicAuthenticationFilter"-->
                <!--class="org.springframework.security.web.authentication.www.BasicAuthenticationFilter">-->
        <!--<beans:property name="authenticationManager" ref="authenticationManager" />-->
        <!--<beans:property name="authenticationEntryPoint" ref="basicAuthEntryPoint" />-->
    <!--</beans:bean>-->

    <!--<beans:bean id="basicAuthEntryPoint"-->
                <!--class="com.beowulf.account.authentication.CustomBasicAuthenticationEntryPoint">-->
    <!--</beans:bean>-->

    <!--<authentication-manager alias="authenticationManager">-->
        <!--<authentication-provider user-service-ref="customApiKeyDetailsService">-->
        <!--</authentication-provider>-->
    <!--</authentication-manager>-->


</beans:beans>